Id;Nombre;Apellido1;Apellido2;Sexo;Usuario;Contrase�a;Correo;Nacimiento;Edad;Ingresos;Divorcio;NumeroLikesRecibidos;NumeroLikesOtorgados;NumeroMatches;Estado;Estatura
1;Rafael;De Pedro;Peña;H;pedro;1234;depedro9@mail.com;3/Mes/A�o;51;292,84;No aplica;0;0;0;Disponible;104
2;Ramón;Dueñas;Cruz;H;rdueñas;3456;rdueñas@correo.es;13/02/1943;76;266,27;No aplica;19;48;1;Disponible;
3;Carlos;Vega;Hernández;H;vega57;5678;vega57@email.com;26/05/1947;72;415,86;No aplica;29;54;2;Inactivo;
4;Antonio;Barragán;Zarza;H;antbarragan51;7900;antbarragan51@correo.es;28/07/1940;79;707,02;No aplica;23;32;2;Disponible;
5;Maria Josefa;Ramos;Gargallo;M;maria;1111;marramos@email.es;12/09/1947;72;No aplica;NO;1;11;0;Inactivo;
6;Juan José;Estébanez;Caamaño;H;juanjoseestebanez40;12344;juanjoseestebanez40@email.es;4/08/1943;76;192,7;No aplica;72;79;7;Inactivo;
7;María Teresa;Perea;Pulido;M;mar.perea;14566;mar.perea@email.com;12/09/1936;83;No aplica;SI;4;50;0;Inactivo;
8;David;Manjón;Fernández;H;david.manjon;16788;david.manjon@mail.net;2/04/1960;59;592,29;No aplica;85;18;2;Disponible;
9;Pedro;Cueva;Gras;H;cueva55;19010;cueva55@email.es;28/02/1991;28;372,83;No aplica;3;84;0;Inactivo;
10;Alberto;González;Luna;H;gonzalez93;21232;gonzalez93@email.es;6/09/1973;46;532,28;No aplica;62;50;1;Inactivo;
11;Laura;Navarro;Valle;M;l.navarro;23454;l.navarro@mail.es;16/10/1941;78;No aplica;NO;33;18;2;Inactivo;
12;Carlos;Del Rio;González;H;carlos.delrio;25676;carlos.delrio@correo.es;7/04/1981;38;65,89;No aplica;11;54;0;Disponible;
13;Luis;Muñoz;Molina;H;luimuñoz;27898;luimuñoz@mail.net;1/10/1943;76;748,87;No aplica;44;7;1;Disponible;
14;José Manuel;Jaén;Cascales;H;josjaen;30120;josjaen@mail.com;1/02/1936;83;271,64;No aplica;41;42;6;Disponible;
15;Carmen;Polo;Herrera;M;carmenpolo;32342;carmenpolo@correo.com;7/03/1942;77;No aplica;NO;3;40;0;Disponible;
16;Rocío;Dimitrov;García;M;dimitrov97;34564;dimitrov97@mail.com;16/01/1998;21;No aplica;SI;87;64;2;Disponible;
17;Pilar;Varela;García;M;pvarela;36786;pvarela@correo.net;19/02/1944;75;No aplica;SI;57;79;0;Inactivo;
18;Manuel;Díaz;Iglesias;H;manueldiaz12;39008;manueldiaz12@mail.es;22/10/1942;77;440,68;No aplica;93;22;2;Inactivo;
19;María;Rama;Gil;M;mrama;41230;mrama@mail.com;12/08/1955;64;No aplica;SI;63;6;1;Disponible;
20;�?ngel;Estrella;Bermejo;H;angelestrella55;43452;angelestrella55@email.net;11/09/1982;37;424,37;No aplica;87;97;10;Disponible;
21;José Luis;Muñiz;Carranza;H;muñiz84;45674;muñiz84@correo.net;11/10/1960;59;442,75;No aplica;53;83;2;Disponible;
22;María Teresa;García;Noguera;M;mar.garcia;47896;mar.garcia@correo.com;26/11/1965;53;No aplica;SI;97;45;1;Inactivo;
23;Inmaculada;Nieves;Suarez;M;inmnieves;50118;inmnieves@mail.com;23/10/1963;56;No aplica;NO;81;92;7;Disponible;
24;Diego;Julián;Flores;H;diegojulian37;52340;diegojulian37@mail.com;20/06/1974;45;68,85;No aplica;59;29;4;Inactivo;
25;José Luis;Morales;Puertas;H;josmorales;54562;josmorales@mail.net;12/07/1998;21;490,26;No aplica;84;10;1;Disponible;
26;María �?ngeles;Miras;Castellanos;M;mmiras;56784;mmiras@email.com;7/08/1965;54;No aplica;NO;54;50;8;Disponible;
27;Alejandro;Duran;Fernández;H;duran68;59006;duran68@correo.es;16/10/1941;78;130,07;No aplica;33;71;0;Inactivo;
28;Antonio;Rodríguez;Hernández;H;antonio.rodriguez;61228;antonio.rodriguez@mail.es;14/07/1998;21;989,04;No aplica;59;62;9;Inactivo;
29;Carlos;Rodríguez;Fernández;H;crodriguez64;63450;crodriguez64@email.net;27/12/1971;47;499,89;No aplica;50;83;3;Inactivo;
30;María �?ngeles;Fernández;Hernández;M;mariaangelesfernandez;65672;mariaangelesfernandez@email.com;5/01/1987;32;No aplica;NO;55;39;3;Disponible;
31;Javier;Gutiérrez;Alvarado;H;javiergutierrez24;67894;javiergutierrez24@email.net;26/11/1988;30;679,81;No aplica;66;20;0;Inactivo;
32;Isabel;Díaz;Rusu;M;isabeldiaz;70116;isabeldiaz@email.net;13/10/1985;34;No aplica;SI;57;21;2;Disponible;
33;Antonio;Quintana;Gil;H;aquintana61;72338;aquintana61@email.net;25/09/1936;83;440,97;No aplica;44;26;4;Disponible;
34;María Carmen;Puebla;Sánchez;M;mpuebla;74560;mpuebla@email.com;8/04/1983;36;No aplica;NO;69;62;4;Disponible;
35;Josefa;Gómez;García;M;gomez30;76782;gomez30@mail.com;14/08/1982;37;No aplica;SI;91;25;1;Disponible;
36;Milagros;López;Cañas;M;milagroslopez;79004;milagroslopez@correo.com;14/07/1940;79;No aplica;NO;27;10;1;Disponible;
37;Juana;Peláez;Zorrilla;M;juanapelaez;81226;juanapelaez@mail.com;5/05/1994;25;No aplica;SI;38;18;2;Disponible;
38;Lucia;Carretero;Domínguez;M;luciacarretero;83448;luciacarretero@mail.es;1/09/1995;24;No aplica;SI;81;20;1;Inactivo;
39;María Isabel;Saiz;Martin;M;saiz25;85670;saiz25@correo.com;10/09/1995;24;No aplica;NO;71;71;11;Inactivo;
40;María Dolores;Sánchez;Sánchez;M;mariadoloressanchez;87892;mariadoloressanchez@correo.net;20/11/1957;61;No aplica;NO;38;6;1;Inactivo;
41;Milagros;Muñiz;Rubio;M;mmuñiz35;90114;mmuñiz35@email.es;9/08/1958;61;No aplica;NO;47;97;0;Disponible;
42;Manuel;Arellano;Solís;H;manuelarellano;92336;manuelarellano@mail.es;27/10/1964;55;655,64;No aplica;32;65;5;Disponible;
43;José Luis;Martínez;Cruces;H;martinez74;94558;martinez74@mail.com;20/07/1974;45;931,84;No aplica;71;63;1;Inactivo;
44;Vicente;García;Esteban;H;garcia24;96780;garcia24@correo.com;29/07/1971;48;810,01;No aplica;61;22;2;Inactivo;
45;María;Barroso;Pérez;M;mar.barroso;99002;mar.barroso@correo.es;17/02/1964;55;No aplica;SI;69;66;1;Disponible;
46;Mercedes;González;Agüera;M;mergonzalez;101224;mergonzalez@email.es;14/07/1954;65;No aplica;NO;76;72;7;Disponible;
47;Catalina;Arrizabalaga;Bosch;M;catalinaarrizabalaga54;103446;catalinaarrizabalaga54@correo.net;3/12/1943;75;No aplica;SI;76;30;1;Disponible;
48;Miguel �?ngel;Trinidad;Moreno;H;miguelangel.trinidad;105668;miguelangel.trinidad@email.es;18/01/1994;25;856,05;No aplica;20;6;1;Disponible;
49;Rafael;Ordoñez;Gaspar;H;rafordoñez;107890;rafordoñez@mail.es;1/11/1963;55;686,57;No aplica;57;58;3;Disponible;
50;María Carmen;González;Gómez;M;gonzalez77;110112;gonzalez77@correo.net;11/12/1969;49;No aplica;SI;96;67;8;Inactivo;
51;Ana María;Pérez;Pose;M;anperez;112334;anperez@email.es;31/03/1970;49;No aplica;NO;52;88;6;Disponible;
52;María Mar;Ribas;Gómez;M;marribas;114556;marribas@correo.net;24/03/1942;77;No aplica;NO;91;12;2;Inactivo;
53;�?lvaro;García;Sánchez;H;alv.garcia;116778;alv.garcia@correo.com;3/03/1991;28;104,86;No aplica;60;29;1;Disponible;
54;Miguel �?ngel;Bayona;Piris;H;miguebayona;119000;miguebayona@email.net;7/09/1953;66;999,28;No aplica;6;90;0;Inactivo;
55;Rocío;Jiménez;Cortes;M;r.jimenez;121222;r.jimenez@correo.net;17/02/1939;80;No aplica;NO;28;22;0;Disponible;
56;Salvador;Aguilar;Reyes;H;salvadoraguilar;123444;salvadoraguilar@correo.net;15/02/1935;84;101,11;No aplica;11;78;1;Disponible;
57;Isabel;Pérez;Salinas;M;isaperez;125666;isaperez@mail.es;3/03/1936;83;No aplica;NO;66;28;2;Disponible;
58;Ana María;Andreu;Pitarch;M;andreu53;127888;andreu53@mail.net;24/04/1987;32;No aplica;NO;76;76;12;Inactivo;
59;Josefa;Juárez;Curiel;M;juarez71;130110;juarez71@mail.net;16/12/1981;37;No aplica;NO;2;95;0;Inactivo;
60;María Teresa;Elizalde;Pérez;M;marelizalde;132332;marelizalde@email.es;9/07/1999;20;No aplica;NO;6;42;0;Inactivo;
61;Lucia;Moyano;Mercado;M;luciamoyano;134554;luciamoyano@email.es;10/03/1973;46;No aplica;SI;92;79;2;Inactivo;
62;Manuel;Jover;Juárez;H;jover94;136776;jover94@correo.net;22/11/1949;69;846,72;No aplica;86;1;0;Inactivo;
63;María Carmen;�?lvarez;Rodríguez;M;alvarez15;138998;alvarez15@mail.es;25/11/1969;49;No aplica;SI;22;63;3;Disponible;
64;Miguel �?ngel;Vega;Rodríguez;H;m.vega;141220;m.vega@mail.net;5/07/1958;61;939,88;No aplica;40;52;2;Disponible;
65;María José;Zapata;Gómez;M;mzapata1;143442;mzapata1@email.es;27/10/2000;19;No aplica;NO;66;86;2;Disponible;
66;Jesús;Herrera;López;H;j.herrera;145664;j.herrera@email.net;1/02/1976;43;215,98;No aplica;94;80;0;Disponible;
67;Carmen;Fernández;Romera;M;carfernandez12;147886;carfernandez12@mail.es;10/08/1954;65;No aplica;SI;82;18;0;Disponible;
68;Antonio;�?lvarez;Martínez;H;alvarez24;150108;alvarez24@email.com;20/06/1955;64;515,83;No aplica;84;3;0;Disponible;
69;Antonia;Espinosa;Ramírez;M;ant.espinosa;152330;ant.espinosa@email.es;25/03/1973;46;No aplica;SI;92;63;8;Inactivo;
70;�?ngel;Gaona;Zabala;H;angelgaona;154552;angelgaona@correo.com;29/11/1935;83;335,48;No aplica;49;62;8;Disponible;
71;Francisco;Cruz;García;H;fra.cruz;156774;fra.cruz@mail.net;14/12/1943;75;384,69;No aplica;37;66;5;Disponible;
72;Begoña;Herrera;López;M;begherrera59;158996;begherrera59@correo.es;28/08/1976;43;No aplica;SI;71;38;2;Disponible;
73;Juana;Nieto;Prieto;M;juanieto;161218;juanieto@email.es;15/08/1992;27;No aplica;SI;89;48;4;Inactivo;
74;María Pilar;Castaño;Palomino;M;mariapilarcastaño;163440;mariapilarcastaño@email.net;9/02/1986;33;No aplica;SI;45;3;0;Inactivo;
75;Isabel;Santiago;Navarro;M;isabelsantiago;165662;isabelsantiago@email.es;19/12/1990;28;No aplica;NO;87;27;3;Disponible;
76;Julia;López;Hernández;M;jlopez;167884;jlopez@email.es;17/07/1942;77;No aplica;NO;82;23;1;Disponible;
77;Mónica;Ortiz;Navas;M;ortiz98;170106;ortiz98@mail.net;13/04/1946;73;No aplica;NO;74;28;0;Inactivo;
78;Antonio;Fernández;Jiménez;H;antoniofernandez74;172328;antoniofernandez74@email.net;23/08/1976;43;87,16;No aplica;29;64;0;Disponible;
79;Francisco;Velázquez;Gimeno;H;f.velazquez;174550;f.velazquez@mail.es;8/06/1960;59;775,61;No aplica;83;10;0;Disponible;
80;María Carmen;Pérez;Segarra;M;marperez81;176772;marperez81@email.net;26/08/1945;74;No aplica;SI;56;86;1;Disponible;
81;María Carmen;Pintos;Egea;M;pintos5;178994;pintos5@email.net;1/03/1986;33;No aplica;NO;56;98;8;Inactivo;
82;Antonio;Conde;Carpintero;H;conde96;181216;conde96@correo.es;2/09/1957;62;609,65;No aplica;96;29;4;Disponible;
83;Juan;Tejeda;Ferrero;H;tejeda93;183438;tejeda93@correo.com;24/02/1991;28;895,24;No aplica;78;80;10;Inactivo;
84;�?ngel;Jiménez;Martin;H;angjimenez;185660;angjimenez@correo.com;7/07/1961;58;651,15;No aplica;43;46;4;Inactivo;
85;Josefa;Rico;Ripoll;M;josrico49;187882;josrico49@correo.es;29/12/1989;29;No aplica;SI;17;70;0;Inactivo;
86;José Luis;Guijarro;Robles;H;guijarro54;190104;guijarro54@correo.es;18/04/1948;71;463,99;No aplica;38;55;4;Inactivo;
87;Francisco;Salinas;Pons;H;fra.salinas;192326;fra.salinas@email.es;21/11/1949;69;563,31;No aplica;92;64;9;Disponible;
88;Francisco;Leiva;Cano;H;franciscoleiva;194548;franciscoleiva@email.com;2/06/1964;55;410,83;No aplica;69;47;6;Inactivo;
89;José Luis;Osorio;Suarez;H;jososorio;196770;jososorio@email.net;21/02/1980;39;826,18;No aplica;37;34;4;Disponible;
90;Antonia;Fernández;Sánchez;M;antfernandez;198992;antfernandez@mail.com;19/06/1968;51;No aplica;SI;54;14;2;Inactivo;
91;María Pilar;Bejarano;Requena;M;mbejarano34;201214;mbejarano34@mail.net;21/04/1997;22;No aplica;SI;26;3;0;Inactivo;
92;Carmen;Blanca;González;M;blanca30;203436;blanca30@email.com;12/10/1975;44;No aplica;SI;59;24;0;Disponible;
93;Teresa;Calle;Arribas;M;tcalle80;205658;tcalle80@correo.net;15/08/1944;75;No aplica;NO;79;87;12;Inactivo;
94;Rosa María;Merino;Jiménez;M;rmerino;207880;rmerino@mail.net;27/03/1954;65;No aplica;SI;26;19;3;Disponible;
95;Rosa María;Reina;Alonso;M;rosreina;210102;rosreina@mail.net;17/01/1962;57;No aplica;NO;78;99;3;Inactivo;
96;Cristina;Ilie;Sánchez;M;cristinailie;212324;cristinailie@mail.net;29/12/1998;20;No aplica;NO;58;16;0;Inactivo;
97;Juan Carlos;Sanmartín;Valdivia;H;jsanmartin;214546;jsanmartin@mail.es;5/10/1944;75;933,21;No aplica;66;3;0;Inactivo;
98;Santiago;Ares;Riba;H;santiagoares65;216768;santiagoares65@correo.com;28/05/1960;59;141,4;No aplica;75;23;2;Disponible;
99;Juan;Santos;Sánchez;H;jua.santos;218990;jua.santos@correo.net;12/11/1958;60;854,3;No aplica;3;61;0;Disponible;
100;Francisca;Sola;Martin;M;frasola;221212;frasola@correo.com;6/03/1994;25;No aplica;NO;81;88;8;Inactivo;
101;José Antonio;Jiménez;González;H;joseantoniojimenez;223434;joseantoniojimenez@correo.com;24/12/1946;72;390,52;No aplica;99;95;12;Inactivo;
102;Jesús;Llorens;Pérez;H;llorens76;225656;llorens76@mail.net;6/04/1994;25;668,22;No aplica;77;88;11;Disponible;
103;Rosa;Ribas;Páez;M;ribas57;227878;ribas57@correo.net;21/06/1978;41;No aplica;NO;8;90;0;Disponible;
104;José María;Garmendia;López;H;garmendia19;230100;garmendia19@mail.es;28/02/1965;54;867,36;No aplica;26;52;3;Disponible;
105;María Dolores;Valle;López;M;mariadolores.valle;232322;mariadolores.valle@email.com;20/05/2001;18;No aplica;NO;13;16;2;Disponible;
106;Francisco Javier;Cuesta;Rivero;H;franciscojavier.cuesta;234544;franciscojavier.cuesta@email.com;6/02/1969;50;883,99;No aplica;18;13;2;Inactivo;
107;Alejandro;Parejo;Domingo;H;aleparejo;236766;aleparejo@mail.net;20/08/1994;25;231,76;No aplica;43;29;4;Inactivo;
108;María Antonia;Martínez;Reverte;M;marmartinez;238988;marmartinez@email.com;5/11/1951;67;No aplica;SI;26;90;1;Inactivo;
109;Laura;Castillo;Saavedra;M;lcastillo;241210;lcastillo@email.com;17/09/1950;69;No aplica;SI;51;90;2;Disponible;
110;�?ngel;Rodríguez;Hernández;H;angel.rodriguez;243432;angel.rodriguez@email.es;6/12/1979;39;191,36;No aplica;32;42;5;Inactivo;
111;Juan Antonio;Expósito;León;H;jua.exposito;245654;jua.exposito@email.com;13/07/1967;52;350,16;No aplica;21;56;0;Inactivo;
112;Isabel;García;Jordán;M;isabel.garcia;247876;isabel.garcia@correo.es;7/03/1961;58;No aplica;SI;63;37;4;Disponible;
113;Carlos;Murillo;Cárceles;H;cmurillo67;250098;cmurillo67@correo.com;30/08/1965;54;977,67;No aplica;92;73;10;Inactivo;
114;Juan Carlos;Barranco;Gómez;H;jua.barranco;252320;jua.barranco@mail.com;5/03/1944;75;751,34;No aplica;73;34;0;Disponible;
115;Francisco;Francés;Pereira;H;ffrances;254542;ffrances@email.com;5/01/1954;65;182,07;No aplica;64;45;1;Disponible;
116;David;Rodríguez;Duran;H;davrodriguez;256764;davrodriguez@correo.es;23/04/1948;71;508,01;No aplica;8;44;0;Inactivo;
117;María Carmen;Millán;Angulo;M;marmillan;258986;marmillan@email.com;31/08/1954;65;No aplica;NO;87;38;4;Inactivo;
118;María;Alonso;López;M;maralonso44;261208;maralonso44@email.es;28/07/1974;45;No aplica;SI;22;87;0;Disponible;
119;Carmen;Carranza;López;M;carmen.carranza;263430;carmen.carranza@email.net;1/10/1995;24;No aplica;NO;3;62;0;Disponible;
120;María Josefa;Ruiz;Hernández;M;m.ruiz;265652;m.ruiz@correo.es;16/12/1963;55;No aplica;SI;31;34;3;Disponible;
121;María Carmen;García;Prieto;M;mgarcia;267874;mgarcia@mail.es;9/06/1969;50;No aplica;NO;4;10;0;Inactivo;
122;María José;Bello;Barquero;M;mbello;270096;mbello@email.net;30/06/1988;31;No aplica;SI;66;97;10;Inactivo;
123;Ramón;Carril;Ramos;H;rcarril;272318;rcarril@mail.com;11/03/1946;73;519,5;No aplica;22;63;2;Disponible;
124;María Jesús;González;Osorio;M;margonzalez;274540;margonzalez@email.com;1/04/1975;44;No aplica;SI;97;28;4;Inactivo;
125;Vicente;Ruiz;Andreu;H;ruiz96;276762;ruiz96@email.es;21/02/1936;83;949,78;No aplica;14;71;1;Disponible;
126;Pilar;Lujan;Campos;M;plujan;278984;plujan@email.com;16/08/1999;20;No aplica;NO;92;61;9;Disponible;
127;José Luis;Amorós;López;H;joseluisamoros;281206;joseluisamoros@mail.net;16/02/1975;44;797,11;No aplica;53;72;3;Inactivo;
128;María Dolores;Hernando;Castañeda;M;marhernando;283428;marhernando@email.es;5/04/1992;27;No aplica;SI;58;63;8;Disponible;
129;Ainhoa;Torres;Macías;M;aintorres;285650;aintorres@email.com;28/07/1966;53;No aplica;SI;7;50;1;Inactivo;
130;Mercedes;Martin;Díaz;M;mermartin;287872;mermartin@email.com;1/06/1994;25;No aplica;NO;98;5;0;Inactivo;
131;Raúl;Catalá;Hernández;H;raucatala;290094;raucatala@mail.com;24/07/1995;24;435,75;No aplica;100;84;1;Inactivo;
132;María Pilar;Gómez;Alonso;M;gomez13;292316;gomez13@mail.com;4/07/1975;44;No aplica;NO;56;24;1;Inactivo;
133;Andrea;Fernández;Sancho;M;andfernandez;294538;andfernandez@mail.es;12/07/1974;45;No aplica;SI;57;71;1;Disponible;
134;Teresa;�?lvarez;Costa;M;talvarez;296760;talvarez@email.net;5/08/1991;28;No aplica;NO;73;52;0;Inactivo;
135;Sergio;González;Moyano;H;sergiogonzalez;298982;sergiogonzalez@correo.net;7/09/1977;42;396,21;No aplica;75;61;6;Inactivo;
136;Jesús;García;Ballesteros;H;jgarcia;301204;jgarcia@email.com;2/07/1969;50;245,05;No aplica;29;38;2;Inactivo;
137;Sergio;Losada;Espinosa;H;s.losada;303426;s.losada@correo.es;1/07/1943;76;203,02;No aplica;20;5;0;Disponible;
138;Alfonso;Julián;Centeno;H;julian39;305648;julian39@correo.net;9/07/1984;35;967,56;No aplica;46;20;1;Disponible;
139;�?lvaro;Díaz;Valero;H;alvarodiaz;307870;alvarodiaz@correo.es;13/06/1951;68;569,13;No aplica;1;50;0;Disponible;
140;�?ngel;�?lvarez;Heredia;H;aalvarez;310092;aalvarez@mail.com;26/04/1961;58;175,25;No aplica;95;25;2;Inactivo;
141;Miguel;Muñoz;Sánchez;H;mmuñoz;312314;mmuñoz@email.com;14/11/1974;44;930,21;No aplica;45;8;1;Disponible;
142;Josefa;Bernárdez;García;M;j.bernardez;314536;j.bernardez@email.es;10/11/1993;25;No aplica;SI;81;30;2;Inactivo;
143;Miguel;Roca;Alba;H;mroca;316758;mroca@correo.es;28/10/1937;82;401,26;No aplica;12;62;2;Inactivo;
144;Natalia;Nieto;Martínez;M;natalianieto;318980;natalianieto@email.com;4/08/1939;80;No aplica;SI;30;5;0;Inactivo;
145;María Isabel;Elena;Ocaña;M;m.elena;321202;m.elena@email.com;8/07/1996;23;No aplica;NO;1;10;0;Disponible;
146;Marta;López;Mendoza;M;mlopez12;323424;mlopez12@mail.es;30/07/1937;82;No aplica;NO;54;34;1;Disponible;
147;Antonio;Neira;Díaz;H;a.neira;325646;a.neira@mail.es;29/01/1972;47;407,85;No aplica;90;60;3;Disponible;
148;Miguel �?ngel;Sánchez;González;H;msanchez;327868;msanchez@mail.es;9/08/1986;33;364,52;No aplica;91;36;6;Inactivo;
149;Pilar;Robles;Vila;M;robles90;330090;robles90@email.com;1/02/1944;75;No aplica;SI;77;90;12;Inactivo;
150;Antonia;Casal;Gómez;M;antoniacasal;332312;antoniacasal@correo.net;29/03/1936;83;No aplica;SI;95;82;12;Inactivo;
151;Juan José;Godoy;Roca;H;jgodoy;334534;jgodoy@correo.net;20/07/1936;83;772,62;No aplica;85;87;13;Disponible;
152;María Pilar;Navarro;Almendros;M;marinavarro;336756;marinavarro@email.com;18/12/1963;55;No aplica;SI;62;17;2;Inactivo;
153;María Dolores;Ureña;Pena;M;mariadolores.ureña;338978;mariadolores.ureña@email.com;30/07/1992;27;No aplica;SI;90;60;5;Inactivo;
154;María Rosario;Peralta;Hernández;M;mperalta;341200;mperalta@email.com;5/04/1949;70;No aplica;NO;98;38;3;Inactivo;
155;Mónica;Castillo;Párraga;M;monicacastillo;343422;monicacastillo@correo.es;30/05/1978;41;No aplica;SI;21;22;0;Disponible;
156;María Luisa;Del Rio;Gómez;M;marialuisade;345644;marialuisade@mail.com;27/04/1961;58;No aplica;SI;52;88;7;Inactivo;
157;José;Cortes;Fernández;H;jcortes;347866;jcortes@mail.net;27/07/1969;50;766,82;No aplica;57;25;4;Inactivo;
158;Marta;Marcos;Viejo;M;marcos88;350088;marcos88@correo.com;12/06/1956;63;No aplica;SI;8;43;0;Inactivo;
159;Rafael;García;Márquez;H;rafaelgarcia78;352310;rafaelgarcia78@mail.com;21/10/1946;73;799,41;No aplica;91;2;0;Disponible;
160;Anna;Mera;Pizarro;M;anna.mera;354532;anna.mera@mail.com;14/05/1983;36;No aplica;NO;48;19;3;Disponible;
161;José Antonio;Núñez;García;H;jnuñez;356754;jnuñez@correo.net;16/08/1962;57;870,13;No aplica;12;6;1;Disponible;
162;María Carmen;Marín;Marrero;M;marmarin;358976;marmarin@mail.net;23/07/1961;58;No aplica;NO;56;70;2;Inactivo;
163;�?ngel;Merino;Mera;H;merino48;361198;merino48@mail.net;15/11/1978;40;67,67;No aplica;68;76;2;Disponible;
164;María Teresa;Huang;Pino;M;huang31;363420;huang31@email.net;2/08/1984;35;No aplica;NO;38;96;2;Disponible;
165;María;Georgiev;Tejada;M;georgiev89;365642;georgiev89@mail.com;19/02/1964;55;No aplica;NO;89;96;2;Disponible;
166;Mercedes;Gutiérrez;Molina;M;gutierrez90;367864;gutierrez90@correo.com;25/01/1953;66;No aplica;SI;66;20;2;Inactivo;
167;Miguel;Cueto;Muñoz;H;m.cueto;370086;m.cueto@correo.com;28/07/1953;66;417,9;No aplica;10;33;0;Inactivo;
168;Francisco Javier;Sánchez;Castillo;H;sanchez55;372308;sanchez55@email.com;22/09/1960;59;316,16;No aplica;30;3;0;Inactivo;
169;Marta;Del Castillo;Saavedra;M;de79;374530;de79@email.com;22/08/1986;33;No aplica;SI;35;27;4;Inactivo;
170;Rafael;Alonso;Barbero;H;alonso95;376752;alonso95@email.net;19/01/1979;40;73,78;No aplica;43;10;0;Inactivo;
171;María Pilar;Talavera;Escobar;M;maritalavera;378974;maritalavera@mail.com;13/01/1954;65;No aplica;SI;33;6;0;Inactivo;
172;Javier;Cano;Ruiz;H;cano13;381196;cano13@correo.es;21/05/1998;21;787,99;No aplica;43;9;1;Inactivo;
173;María Teresa;Barbero;Malo;M;barbero96;383418;barbero96@email.com;23/06/1943;76;No aplica;NO;66;37;1;Disponible;
174;María Carmen;Gómez;Herrero;M;mar.gomez;385640;mar.gomez@email.com;9/05/1945;74;No aplica;SI;51;18;3;Inactivo;
175;Manuel;Ortiz;Sánchez;H;ortiz23;387862;ortiz23@mail.com;4/02/1971;48;134,34;No aplica;39;4;0;Inactivo;
176;María Jesús;Camacho;Ospina;M;maricamacho;390084;maricamacho@mail.com;3/08/1937;82;No aplica;SI;58;11;0;Inactivo;
177;Rafaela;Pérez;Bellón;M;rperez;392306;rperez@email.es;3/04/1980;39;No aplica;NO;6;60;1;Inactivo;
178;Joaquín;Vidal;Alvarado;H;joaquin.vidal;394528;joaquin.vidal@mail.com;30/08/1975;44;898,2;No aplica;21;40;0;Disponible;
179;Alfonso;Padilla;Marques;H;alfonsopadilla52;396750;alfonsopadilla52@correo.com;8/03/1948;71;617,26;No aplica;89;87;6;Inactivo;
180;Josefa;Marques;Contreras;M;jmarques;398972;jmarques@correo.com;1/08/1947;72;No aplica;SI;97;66;3;Inactivo;
181;Miguel �?ngel;Rubio;López;H;migrubio;401194;migrubio@correo.es;21/10/1969;50;414,1;No aplica;55;13;1;Inactivo;
182;Manuela;Mengual;Bueno;M;manuelamengual82;403416;manuelamengual82@correo.es;11/11/1987;31;No aplica;SI;81;26;2;Disponible;
183;Miguel �?ngel;Fernández;Bravo;H;migue.fernandez;405638;migue.fernandez@correo.com;4/07/1962;57;339,21;No aplica;53;63;4;Inactivo;
184;Francisco;Carranza;Garcés;H;franciscocarranza;407860;franciscocarranza@correo.net;27/11/1996;22;371,32;No aplica;23;98;3;Inactivo;
185;Josefa;García;García;M;josgarcia;410082;josgarcia@mail.com;1/04/1991;28;No aplica;NO;13;28;1;Inactivo;
186;Dolores;Atienza;Ribeiro;M;dolatienza;412304;dolatienza@mail.es;24/05/1970;49;No aplica;SI;39;28;4;Inactivo;
187;Enrique;Guerrero;Barragán;H;guerrero17;414526;guerrero17@mail.es;18/10/1937;82;658,96;No aplica;54;72;6;Inactivo;
188;Rosa María;Chica;Costa;M;roschica67;416748;roschica67@correo.es;21/08/1952;67;No aplica;NO;9;1;0;Disponible;
189;Juan José;Campos;García;H;j.campos;418970;j.campos@email.net;30/11/1959;59;643,03;No aplica;77;42;2;Disponible;
190;Francisco Javier;Piñero;Tovar;H;frapiñero;421192;frapiñero@email.es;18/08/1977;42;679,75;No aplica;45;6;0;Disponible;
191;Alejandro;Lastra;Mora;H;alejandrolastra100;423414;alejandrolastra100@correo.net;15/11/1962;56;477,9;No aplica;30;79;0;Disponible;
192;Inmaculada;Asensio;Moral;M;iasensio25;425636;iasensio25@correo.net;4/03/1987;32;No aplica;SI;72;19;1;Inactivo;
193;Cristina;Cabrera;Barranco;M;cabrera66;427858;cabrera66@email.com;13/12/1962;56;No aplica;SI;75;100;10;Disponible;
194;Mercedes;Díaz;Cantos;M;merdiaz;430080;merdiaz@email.net;18/01/1962;57;No aplica;NO;81;20;3;Disponible;
195;José Luis;García;Pereira;H;jos.garcia;432302;jos.garcia@correo.es;27/02/2001;18;477,86;No aplica;10;11;0;Disponible;
196;Francisco;Santiago;Navarro;H;santiago26;434524;santiago26@correo.es;14/04/1942;77;947,54;No aplica;90;85;0;Inactivo;
197;Antonio;Otero;Navas;H;ant.otero;436746;ant.otero@email.net;24/04/1957;62;908,69;No aplica;14;65;0;Disponible;
198;María;González;Ferreras;M;mgonzalez45;438968;mgonzalez45@correo.com;10/09/1943;76;No aplica;NO;3;93;0;Disponible;
199;Juan Antonio;García;Merino;H;garcia32;441190;garcia32@mail.es;9/02/1989;30;235,93;No aplica;15;46;2;Inactivo;
200;Jorge;Abad;García;H;jorgeabad;443412;jorgeabad@mail.net;30/01/1950;69;354,45;No aplica;34;90;4;Disponible;
201;�?ngel;González;Conde;H;agonzalez;445634;agonzalez@mail.es;27/11/1958;60;957,86;No aplica;61;78;6;Disponible;
202;Marina;Casas;Amores;M;marcasas;447856;marcasas@correo.com;23/11/1971;47;No aplica;SI;75;98;9;Inactivo;
203;Beatriz;Catalán;González;M;beacatalan;450078;beacatalan@email.com;23/05/1993;26;No aplica;SI;45;80;3;Disponible;
204;Miguel;Marco;Peláez;H;mig.marco;452300;mig.marco@correo.com;6/06/1953;66;704,58;No aplica;46;12;1;Inactivo;
205;Carmen;Fernández;Tejedor;M;carfernandez;454522;carfernandez@correo.es;8/01/1948;71;No aplica;NO;9;90;0;Inactivo;
206;Enrique;Rodríguez;Mena;H;enrrodriguez;456744;enrrodriguez@mail.com;9/09/1953;66;443,1;No aplica;36;23;1;Disponible;
207;Juana;Cabrera;Sánchez;M;jua.cabrera;458966;jua.cabrera@mail.net;5/04/1971;48;No aplica;SI;78;15;2;Disponible;
208;Pablo;Esteve;Galán;H;pabloesteve;461188;pabloesteve@mail.es;11/09/1988;31;303,27;No aplica;73;42;2;Disponible;
209;Manuel;Carrión;Fernández;H;manuelcarrion;463410;manuelcarrion@email.com;17/08/1962;57;297,56;No aplica;80;51;5;Disponible;
210;Alicia;Sáez;Gómez;M;alisaez;465632;alisaez@mail.net;19/03/1935;84;No aplica;NO;3;6;0;Inactivo;
211;Isabel;Morales;Salgado;M;isabel.morales;467854;isabel.morales@email.es;14/09/1994;25;No aplica;NO;4;77;0;Inactivo;
212;Sergio;Moya;Moral;H;moya67;470076;moya67@correo.net;19/03/1936;83;129,26;No aplica;13;9;0;Inactivo;
213;�?ngeles;Casado;López;M;a.casado;472298;a.casado@email.net;30/10/1948;71;No aplica;NO;94;54;8;Inactivo;
214;Jaume;Ferri;Moreno;H;jaumeferri;474520;jaumeferri@email.es;31/01/1947;72;616,92;No aplica;17;49;0;Disponible;
215;Ana;Alarcón;Lujan;M;anaalarcon;476742;anaalarcon@email.com;14/12/1996;22;No aplica;NO;62;83;5;Inactivo;
216;Rosa;Pons;Ramos;M;rpons;478964;rpons@mail.es;9/07/1993;26;No aplica;SI;47;66;4;Inactivo;
217;Adrián;Rey;Quintanilla;H;adr.rey;481186;adr.rey@correo.net;21/11/1968;50;698,55;No aplica;71;71;0;Disponible;
218;Rosario;Ramírez;Lago;M;rosarioramirez;483408;rosarioramirez@correo.com;12/07/1937;82;No aplica;SI;30;58;1;Disponible;
219;Carmen;Martínez;Rodríguez;M;cmartinez;485630;cmartinez@correo.net;5/06/1992;27;No aplica;NO;83;26;0;Inactivo;
220;Rosa María;Chamorro;Lago;M;roschamorro;487852;roschamorro@correo.net;22/11/1959;59;No aplica;SI;15;24;0;Disponible;
221;María;Cid;Gómez;M;marcid;490074;marcid@mail.es;27/02/1985;34;No aplica;SI;31;31;1;Inactivo;
222;Manuel;Castaño;Diez;H;castaño2;492296;castaño2@correo.com;24/07/1979;40;943,71;No aplica;47;7;0;Inactivo;
223;María Dolores;Rosa;García;M;m.rosa;494518;m.rosa@email.com;30/07/1943;76;No aplica;NO;5;59;0;Inactivo;
224;Marta;García;González;M;margarcia96;496740;margarcia96@mail.net;6/07/1962;57;No aplica;SI;50;84;7;Inactivo;
225;Javier;Rico;López;H;jrico;498962;jrico@email.es;8/12/1982;36;366,55;No aplica;23;98;1;Disponible;
226;Mohamed;Moreno;Rodríguez;H;mohamedmoreno47;501184;mohamedmoreno47@mail.com;11/07/1944;75;648,21;No aplica;34;77;4;Inactivo;
227;Diego;Alfaro;Sánchez;H;alfaro21;503406;alfaro21@email.net;8/04/1969;50;419,6;No aplica;5;36;0;Inactivo;
228;Ignacio;Hernández;Aznar;H;hernandez7;505628;hernandez7@correo.net;16/07/1954;65;604,63;No aplica;76;24;3;Inactivo;
229;Jesús;Gutiérrez;Fernández;H;gutierrez88;507850;gutierrez88@mail.es;19/02/1982;37;313,43;No aplica;90;78;9;Disponible;
230;Josefa;García;Sánchez;M;josefagarcia;510072;josefagarcia@email.net;26/05/1963;56;No aplica;SI;33;74;5;Inactivo;
231;María Jesús;Escalera;Fernández;M;mariajesusescalera54;512294;mariajesusescalera54@email.com;26/11/1940;78;No aplica;NO;30;51;5;Inactivo;
232;María Isabel;Reyes;García;M;marireyes;514516;marireyes@email.es;9/11/1961;57;No aplica;SI;45;84;7;Disponible;
233;María Jesús;Marín;Poza;M;m.marin;516738;m.marin@correo.net;30/11/1964;54;No aplica;NO;76;61;0;Inactivo;
234;Antonia;López;Román;M;antonialopez40;518960;antonialopez40@mail.es;18/08/1952;67;No aplica;NO;35;83;1;Disponible;
235;José Antonio;Ruiz;Iglesias;H;josruiz29;521182;josruiz29@mail.es;24/03/1960;59;973,23;No aplica;83;18;1;Disponible;
236;Carlos;Pérez;Varela;H;perez71;523404;perez71@mail.com;1/08/1954;65;875,73;No aplica;95;96;14;Disponible;
237;Antonio;Benavent;Pérez;H;abenavent;525626;abenavent@mail.es;16/05/1936;83;784,4;No aplica;62;29;2;Inactivo;
238;María;Toledo;González;M;mariatoledo;527848;mariatoledo@mail.net;29/07/1964;55;No aplica;SI;44;34;3;Inactivo;
239;Pilar;Macías;Carmona;M;pilmacias;530070;pilmacias@email.es;21/12/1953;65;No aplica;SI;52;94;5;Disponible;
240;Irene;Torres;García;M;itorres;532292;itorres@correo.es;4/05/1961;58;No aplica;NO;19;93;0;Inactivo;
241;Francisco Javier;Martin;Ros;H;franciscojaviermartin18;534514;franciscojaviermartin18@mail.net;8/07/1979;40;776,17;No aplica;2;77;0;Disponible;
242;Miguel �?ngel;Peña;Rodríguez;H;migpeña;536736;migpeña@email.net;13/08/1956;63;709,33;No aplica;93;63;9;Inactivo;
243;Antonio;Parra;Hinojosa;H;antonioparra1;538958;antonioparra1@correo.es;16/02/1998;21;878,38;No aplica;95;100;13;Inactivo;
244;Carlos;De la Fuente;López;H;d57;541180;d57@mail.es;17/05/1997;22;946,24;No aplica;26;73;4;Disponible;
245;Nuria;Salguero;Rodríguez;M;nuria.salguero;543402;nuria.salguero@correo.com;16/11/1939;79;No aplica;SI;63;16;1;Disponible;
246;Jesús;Mansilla;García;H;j.mansilla;545624;j.mansilla@mail.es;24/02/1944;75;158,26;No aplica;4;31;0;Disponible;
247;Amparo;Plata;Berrio;M;amp.plata;547846;amp.plata@correo.es;8/01/1969;50;No aplica;SI;33;80;4;Inactivo;
248;�?ngel;Alonso;Muñoz;H;angel.alonso;550068;angel.alonso@mail.net;6/11/1940;78;274,24;No aplica;96;34;5;Inactivo;
249;Antonia;Salazar;Pascual;M;antsalazar71;552290;antsalazar71@correo.net;28/09/1975;44;No aplica;NO;37;21;3;Inactivo;
250;Antonio;Cervera;Jiménez;H;acervera89;554512;acervera89@correo.es;25/08/1947;72;456,38;No aplica;11;19;1;Inactivo;
251;María Teresa;Stoica;López;M;mar.stoica;556734;mar.stoica@email.com;12/10/1945;74;No aplica;NO;46;39;5;Inactivo;
252;Susana;Pérez;González;M;susana.perez;558956;susana.perez@correo.net;2/03/1952;67;No aplica;NO;34;51;5;Disponible;
253;Pablo;Cortes;Mora;H;pabcortes95;561178;pabcortes95@email.com;25/03/1981;38;248,45;No aplica;82;42;6;Inactivo;
254;Marta;Yáñez;Moya;M;martayañez;563400;martayañez@email.es;2/05/1980;39;No aplica;NO;78;78;4;Disponible;
255;María;Mateos;Merino;M;mmateos;565622;mmateos@mail.net;14/09/1941;78;No aplica;SI;55;8;0;Disponible;
256;Teresa;García;Rodríguez;M;garcia50;567844;garcia50@correo.com;22/11/1970;48;No aplica;SI;75;60;8;Disponible;
257;Irene;�?lvarez;Santana;M;irene.alvarez;570066;irene.alvarez@email.es;20/11/1991;27;No aplica;NO;24;3;0;Inactivo;
258;Francisco;Román;González;H;roman43;572288;roman43@email.com;23/12/1943;75;276,39;No aplica;93;57;0;Inactivo;
259;�?ngel;García;Montero;H;garcia20;574510;garcia20@email.es;20/03/1976;43;498,74;No aplica;7;12;1;Inactivo;
260;María Carmen;García;Serrano;M;mariacarmengarcia43;576732;mariacarmengarcia43@email.net;19/07/1985;34;No aplica;SI;80;33;3;Inactivo;
261;Amparo;Mejías;Alarcón;M;amejias;578954;amejias@mail.com;17/04/1943;76;No aplica;NO;24;49;0;Disponible;
262;Carmen;Martínez;Doval;M;car.martinez;581176;car.martinez@email.es;24/02/1939;80;No aplica;NO;36;14;0;Inactivo;
263;Antonio;Calvo;Ordoñez;H;acalvo;583398;acalvo@email.es;10/05/1989;30;394,87;No aplica;75;10;0;Inactivo;
264;Ana;Fernández;Mas;M;fernandez61;585620;fernandez61@correo.com;5/09/1985;34;No aplica;NO;7;51;1;Inactivo;
265;Daniel;Fernández;Salazar;H;d.fernandez;587842;d.fernandez@email.es;25/10/1943;76;195,22;No aplica;39;36;0;Inactivo;
266;José Luis;Ortega;Herrera;H;jos.ortega;590064;jos.ortega@email.net;27/03/1963;56;248,42;No aplica;62;47;5;Inactivo;
267;Mónica;Carrasco;Escribano;M;monica.carrasco;592286;monica.carrasco@correo.com;10/02/1968;51;No aplica;NO;96;93;6;Inactivo;
268;José Luis;Rosell;González;H;jrosell;594508;jrosell@mail.com;28/02/1965;54;285,61;No aplica;71;34;4;Disponible;
269;María;�?lvarez;Ramón;M;malvarez;596730;malvarez@email.es;5/10/1954;65;No aplica;NO;40;68;3;Disponible;
270;Manuel;Fernández;Dueñas;H;manuelfernandez5;598952;manuelfernandez5@mail.net;24/12/1992;26;267,8;No aplica;88;89;14;Disponible;
271;José;Cabeza;Fernández;H;jos.cabeza;601174;jos.cabeza@email.com;10/04/1997;22;94,18;No aplica;25;51;4;Disponible;
272;Pablo;Alonso;Rius;H;palonso65;603396;palonso65@email.es;24/01/1947;72;523,8;No aplica;14;9;0;Inactivo;
273;Antonio;Pinto;Herrera;H;pinto87;605618;pinto87@email.com;4/09/1964;55;53,74;No aplica;49;45;4;Inactivo;
274;Beatriz;Pérez;Hernández;M;bperez87;607840;bperez87@mail.com;11/05/1986;33;No aplica;NO;86;74;12;Disponible;
275;Antonio;Ruiz;Vicente;H;antruiz;610062;antruiz@email.es;3/07/2001;18;462,1;No aplica;14;11;0;Disponible;
276;Juan Antonio;López;García;H;lopez67;612284;lopez67@mail.net;15/04/1994;25;481,66;No aplica;71;96;5;Disponible;
277;María;Martin;García;M;martin99;614506;martin99@mail.com;23/04/1959;60;No aplica;NO;31;37;0;Disponible;
278;José;Ortiz;Martínez;H;josortiz;616728;josortiz@email.net;2/09/1977;42;851,1;No aplica;41;6;1;Inactivo;
279;María Magdalena;Llopis;Alba;M;mariamagdalena.llopis;618950;mariamagdalena.llopis@email.com;15/04/1937;82;No aplica;NO;87;1;0;Disponible;
280;�?lvaro;Fernández;García;H;alvarofernandez;621172;alvarofernandez@mail.net;14/06/1977;42;76,86;No aplica;74;6;1;Inactivo;
281;Rafael;Casal;Sánchez;H;rafael.casal;623394;rafael.casal@correo.net;26/07/1937;82;716,21;No aplica;97;17;2;Inactivo;
282;Laura;Sánchez;De la Torre;M;lau.sanchez;625616;lau.sanchez@correo.net;19/04/1949;70;No aplica;SI;100;18;3;Inactivo;
283;María Mar;Espinosa;Blanco;M;m.espinosa;627838;m.espinosa@correo.net;27/12/1980;38;No aplica;NO;58;28;0;Inactivo;
284;Javier;Mesa;Expósito;H;mesa38;630060;mesa38@mail.com;21/11/1994;24;713,48;No aplica;24;9;1;Inactivo;
285;Jorge;De la Calle;Fernández;H;jordelacalle55;632282;jordelacalle55@email.net;26/11/1959;59;618,65;No aplica;42;78;3;Inactivo;
286;María José;Fernández;Cruz;M;mari.fernandez;634504;mari.fernandez@email.com;18/09/1968;51;No aplica;SI;88;63;3;Disponible;
287;Alberto;Segovia;Fernández;H;segovia57;636726;segovia57@email.net;15/11/1953;65;732,79;No aplica;30;46;3;Disponible;
288;María;Manzano;Martin;M;manzano55;638948;manzano55@correo.es;2/06/1969;50;No aplica;SI;24;28;2;Inactivo;
289;Ana;Márquez;Ruiz;M;anamarquez;641170;anamarquez@correo.es;15/02/1941;78;No aplica;NO;37;32;2;Disponible;
290;Pedro;Moreno;Martin;H;pmoreno40;643392;pmoreno40@mail.com;13/11/1951;67;120,69;No aplica;18;23;0;Disponible;
291;Isabel;Martínez;Vidal;M;isamartinez;645614;isamartinez@email.com;21/06/1956;63;No aplica;NO;38;9;1;Disponible;
292;Jesús;Nieto;Sánchez;H;jesnieto89;647836;jesnieto89@mail.com;8/10/1976;43;684,08;No aplica;57;36;5;Inactivo;
293;María Jesús;Martí;González;M;marmarti;650058;marmarti@email.com;12/09/1962;57;No aplica;NO;34;98;5;Disponible;
294;David;Castellanos;Rubio;H;davidcastellanos;652280;davidcastellanos@mail.com;6/02/1944;75;157,78;No aplica;68;60;10;Inactivo;
295;José;Bernabé;Del Hoyo;H;jose.bernabe;654502;jose.bernabe@correo.es;9/12/1939;79;169,19;No aplica;52;11;1;Inactivo;
296;María Dolores;Peiro;Pérez;M;marpeiro;656724;marpeiro@correo.es;1/09/1945;74;No aplica;NO;86;76;0;Inactivo;
297;Pedro;Buendía;Aguilar;H;buendia96;658946;buendia96@correo.es;20/02/1949;70;204,23;No aplica;73;70;2;Inactivo;
298;Javier;López;López;H;javierlopez;661168;javierlopez@correo.com;15/03/1981;38;443,07;No aplica;68;48;2;Disponible;
299;María;Lázaro;Marín;M;mar.lazaro;663390;mar.lazaro@correo.com;13/08/1948;71;No aplica;SI;62;69;8;Disponible;
300;María;Gallardo;Sánchez;M;mariagallardo24;665612;mariagallardo24@email.net;16/06/1958;61;No aplica;NO;11;6;1;Inactivo;
301;Rubén;Córdoba;Benavides;H;rub.cordoba;667834;rub.cordoba@mail.com;28/03/1971;48;244,12;No aplica;97;38;6;Inactivo;
302;Manuel;Torres;Hernández;H;mantorres16;670056;mantorres16@correo.es;13/06/1935;84;506,12;No aplica;66;3;0;Disponible;
303;Luis;Moreno;Martínez;H;luismoreno17;672278;luismoreno17@mail.es;17/08/1991;28;668,37;No aplica;11;20;0;Disponible;
304;Raquel;Murillo;Ferreiro;M;murillo61;674500;murillo61@mail.net;28/12/1988;30;No aplica;NO;76;45;2;Inactivo;
305;María Rosa;Acosta;Muñoz;M;macosta;676722;macosta@email.es;13/06/1983;36;No aplica;NO;23;97;2;Inactivo;
306;Juana;Tomas;Muñoz;M;juana.tomas;678944;juana.tomas@correo.es;14/01/1981;38;No aplica;NO;64;69;5;Inactivo;
307;María Pilar;Toledo;Ortega;M;mariapilartoledo;681166;mariapilartoledo@email.com;7/03/1995;24;No aplica;SI;4;26;0;Disponible;
308;Manuel;Colomer;Castro;H;manuelcolomer74;683388;manuelcolomer74@email.com;27/07/1984;35;728,51;No aplica;54;42;1;Disponible;
309;Ramón;Murillo;Martínez;H;rmurillo;685610;rmurillo@email.net;3/04/1969;50;784,14;No aplica;38;61;4;Inactivo;
310;Josep María;Pico;Fernández;H;josepmariapico;687832;josepmariapico@correo.es;14/12/1984;34;826,28;No aplica;78;25;4;Inactivo;
311;Marina;Redondo;Macías;M;redondo45;690054;redondo45@mail.com;5/07/1994;25;No aplica;SI;63;64;5;Inactivo;
312;Manuel;Márquez;García;H;manmarquez;692276;manmarquez@email.es;6/10/1947;72;903,39;No aplica;52;5;0;Inactivo;
313;Dolores;Arguello;Parejo;M;dol.arguello;694498;dol.arguello@mail.com;8/10/1950;69;No aplica;SI;63;2;0;Inactivo;
314;Laura;Prieto;Clemente;M;lauraprieto;696720;lauraprieto@mail.net;2/09/1969;50;No aplica;SI;31;31;0;Inactivo;
315;María Teresa;López;Redondo;M;marilopez47;698942;marilopez47@email.com;20/11/1936;82;No aplica;NO;22;41;2;Inactivo;
316;María Dolores;Castejón;Bas;M;marcastejon;701164;marcastejon@mail.net;27/01/1944;75;No aplica;SI;8;17;0;Inactivo;
317;Jorge;Domingo;Arenas;H;jordomingo;703386;jordomingo@mail.net;16/08/1968;51;219,57;No aplica;80;5;0;Disponible;
318;Fernando;Martínez;Pérez;H;fermartinez;705608;fermartinez@mail.es;25/11/1952;66;794,14;No aplica;35;25;2;Disponible;
319;Eva;Villa;Rodríguez;M;evavilla;707830;evavilla@email.net;19/07/1974;45;No aplica;SI;61;83;7;Inactivo;
320;Josep;Sánchez;García;H;jossanchez;710052;jossanchez@email.es;8/11/1974;44;560,47;No aplica;25;91;1;Inactivo;
321;Enrique;Muñoz;Sánchez;H;enr.muñoz;712274;enr.muñoz@email.net;20/06/1961;58;825,23;No aplica;4;23;0;Inactivo;
322;María Luisa;Camacho;Mena;M;marialuisacamacho;714496;marialuisacamacho@mail.es;10/07/1953;66;No aplica;NO;48;13;0;Inactivo;
323;Marta;Baz;Gómez;M;mbaz22;716718;mbaz22@correo.net;22/06/2001;18;No aplica;SI;5;70;0;Inactivo;
324;Francisco;Tamayo;Rodríguez;H;tamayo7;718940;tamayo7@mail.com;1/07/1976;43;126,44;No aplica;71;69;0;Inactivo;
325;Joan;Sebastia;Martínez;H;jsebastia71;721162;jsebastia71@email.com;4/08/1961;58;799,92;No aplica;9;85;1;Inactivo;
326;María;Lara;Mellado;M;marialara;723384;marialara@email.es;21/06/1946;73;No aplica;SI;83;11;1;Inactivo;
327;Rubén;Rodríguez;Palomo;H;rubenrodriguez91;725606;rubenrodriguez91@correo.es;11/09/1961;58;460,92;No aplica;99;67;1;Inactivo;
328;Rosa;García;Aznar;M;garcia91;727828;garcia91@mail.net;30/10/1961;58;No aplica;NO;57;80;1;Disponible;
329;Eva María;Serra;Mato;M;evaserra;730050;evaserra@correo.net;14/06/1949;70;No aplica;SI;26;46;3;Inactivo;
330;Enrique;García;Domínguez;H;enrgarcia;732272;enrgarcia@correo.net;11/07/1990;29;135,83;No aplica;62;42;5;Disponible;
331;Julia;Santamaría;Pérez;M;jsantamaria;734494;jsantamaria@correo.es;29/10/1982;37;No aplica;SI;56;31;5;Disponible;
332;Susana;Campos;Mendoza;M;campos37;736716;campos37@mail.es;18/01/1985;34;No aplica;NO;82;14;1;Disponible;
333;María Carmen;Marín;González;M;marin17;738938;marin17@correo.net;20/11/1961;57;No aplica;SI;82;23;0;Inactivo;
334;Rocío;Ortega;Casanova;M;rortega;741160;rortega@mail.es;23/10/1961;58;No aplica;SI;72;53;8;Inactivo;
335;Laura;Frutos;Alonso;M;frutos59;743382;frutos59@email.com;6/12/1993;25;No aplica;NO;12;89;2;Inactivo;
336;María José;Romero;Sánchez;M;mariromero;745604;mariromero@correo.es;14/02/1954;65;No aplica;SI;49;98;0;Disponible;
337;�?ngeles;Gimeno;Lloret;M;angelesgimeno;747826;angelesgimeno@email.com;23/09/2001;18;No aplica;SI;100;98;5;Inactivo;
338;María Carmen;Sánchez;Molina;M;marsanchez67;750048;marsanchez67@mail.com;20/08/1960;59;No aplica;NO;15;56;2;Disponible;
339;Santiago;Estévez;Vargas;H;santiagoestevez10;752270;santiagoestevez10@mail.net;1/02/1960;59;838,21;No aplica;94;60;4;Inactivo;
340;Fernando;Bilbao;Bas;H;bilbao58;754492;bilbao58@correo.net;9/08/1947;72;712,91;No aplica;57;41;3;Inactivo;
341;Francisca;Ballesteros;Ruiz;M;fballesteros;756714;fballesteros@email.net;11/03/1936;83;No aplica;NO;4;87;0;Disponible;
342;Dolores;Martínez;Arellano;M;d.martinez;758936;d.martinez@mail.es;17/03/1978;41;No aplica;SI;100;9;1;Inactivo;
343;José Luis;Novo;Cuervo;H;josnovo;761158;josnovo@correo.com;23/09/1986;33;886,52;No aplica;65;16;0;Disponible;
344;Pilar;Urbano;López;M;pilarurbano;763380;pilarurbano@mail.es;20/02/1963;56;No aplica;NO;53;72;6;Inactivo;
345;Ramón;Zamora;Llorente;H;rzamora5;765602;rzamora5@mail.net;18/01/1939;80;886,65;No aplica;30;81;2;Inactivo;
346;José Manuel;Mateos;Guillen;H;josmateos;767824;josmateos@correo.com;20/04/1972;47;786,67;No aplica;60;66;10;Inactivo;
347;Juan;Rodríguez;Domínguez;H;juarodriguez;770046;juarodriguez@mail.net;9/02/1966;53;388,48;No aplica;55;65;6;Inactivo;
348;Manuel;Canal;León;H;mancanal;772268;mancanal@email.com;27/02/1992;27;107,1;No aplica;92;72;2;Disponible;
349;Juan;Duran;Pulido;H;jduran;774490;jduran@correo.net;10/01/1962;57;691,97;No aplica;100;34;0;Inactivo;
350;Isabel;Delgado;Carretero;M;isa.delgado;776712;isa.delgado@correo.net;3/03/1940;79;No aplica;SI;65;59;0;Disponible;
351;Mónica;Notario;Quintana;M;mnotario67;778934;mnotario67@mail.net;3/12/1950;68;No aplica;SI;87;33;5;Disponible;
352;Begoña;Hernández;Méndez;M;hernandez18;781156;hernandez18@correo.net;21/11/1967;51;No aplica;SI;54;82;9;Disponible;
353;Francisca;Calvo;Fernández;M;fracalvo;783378;fracalvo@correo.com;31/01/1945;74;No aplica;NO;70;56;8;Inactivo;
354;Marta;Marcos;Hernández;M;martamarcos94;785600;martamarcos94@correo.com;10/07/1964;55;No aplica;SI;87;89;3;Inactivo;
355;Luis;Jordán;Moreno;H;luisjordan;787822;luisjordan@correo.com;7/09/1958;61;606,33;No aplica;54;20;0;Inactivo;
356;María;González;Carmona;M;mgonzalez83;790044;mgonzalez83@mail.net;13/10/1977;42;No aplica;NO;63;61;9;Disponible;
357;Isabel;Moreno;Suarez;M;isabelmoreno;792266;isabelmoreno@email.es;17/11/1935;83;No aplica;NO;33;90;5;Inactivo;
358;Sonia;López;Salas;M;sonlopez86;794488;sonlopez86@email.es;28/09/1938;81;No aplica;SI;62;27;3;Inactivo;
359;José;Bautista;Doblas;H;josbautista76;796710;josbautista76@email.com;13/04/1957;62;775,37;No aplica;36;19;0;Disponible;
360;María Carmen;Gregorio;Carbonell;M;gregorio5;798932;gregorio5@correo.es;24/03/1958;61;No aplica;SI;41;13;0;Inactivo;
361;Montserrat;Marcos;Gutiérrez;M;mmarcos29;801154;mmarcos29@mail.es;20/04/1985;34;No aplica;SI;2;4;0;Inactivo;
362;Javier;Ibarra;Rubio;H;javieribarra;803376;javieribarra@mail.es;27/03/1935;84;510,62;No aplica;62;99;1;Disponible;
363;María Teresa;Báez;Higuera;M;mbaez;805598;mbaez@email.es;3/10/1947;72;No aplica;SI;55;47;6;Disponible;
364;Eduardo;Caballero;Lara;H;edu.caballero;807820;edu.caballero@mail.net;26/10/1951;68;616,79;No aplica;34;84;3;Disponible;
365;Ana Isabel;Diez;Llop;M;andiez31;810042;andiez31@mail.com;5/09/1997;22;No aplica;SI;100;80;0;Inactivo;
366;Sergio;Díaz;Simón;H;sergiodiaz46;812264;sergiodiaz46@correo.com;30/09/1936;83;442,93;No aplica;12;91;2;Disponible;
367;Isabel;Valls;Corbacho;M;valls41;814486;valls41@mail.net;17/12/1993;25;No aplica;NO;90;90;8;Disponible;
368;Isabel;Fernández;Amador;M;isabelfernandez80;816708;isabelfernandez80@mail.com;29/10/1947;72;No aplica;NO;41;76;4;Inactivo;
369;Fernando;Mateos;Quintero;H;f.mateos;818930;f.mateos@email.es;3/01/1948;71;655,08;No aplica;80;12;0;Inactivo;
370;Silvia;Méndez;González;M;silviamendez;821152;silviamendez@mail.net;2/05/1992;27;No aplica;SI;15;49;1;Inactivo;
371;José Luis;Miñana;Hernández;H;jos.miñana;823374;jos.miñana@mail.com;6/10/1984;35;769,65;No aplica;94;15;0;Disponible;
372;Inmaculada;González;Cano;M;inmaculadagonzalez;825596;inmaculadagonzalez@mail.net;13/11/1976;42;No aplica;NO;84;45;2;Disponible;
373;Lucia;Aguilar;Gutiérrez;M;laguilar;827818;laguilar@mail.com;6/06/1947;72;No aplica;NO;31;25;3;Inactivo;
374;�?lvaro;Rodríguez;Molina;H;rodriguez78;830040;rodriguez78@correo.net;23/02/1982;37;412,41;No aplica;47;96;7;Disponible;
375;José Luis;Sáez;Soto;H;j.saez;832262;j.saez@correo.com;6/03/1974;45;649,02;No aplica;55;74;4;Inactivo;
376;Rafael;Da Costa;Sánchez;H;d17;834484;d17@correo.com;27/10/1953;66;194,99;No aplica;13;93;0;Inactivo;
377;Concepción;García;Matas;M;garcia11;836706;garcia11@correo.es;28/11/1958;60;No aplica;NO;22;84;3;Inactivo;
378;María Luisa;Montes;Rojas;M;mmontes72;838928;mmontes72@email.net;31/10/1939;79;No aplica;NO;3;81;0;Inactivo;
379;Francisca;Pérez;Barrera;M;fraperez;841150;fraperez@mail.com;23/08/1981;38;No aplica;SI;37;69;2;Disponible;
380;María Carmen;Ros;Vicens;M;mariros;843372;mariros@mail.es;8/01/1967;52;No aplica;NO;94;74;8;Disponible;
381;Manuel;Pastor;Delgado;H;manuelpastor;845594;manuelpastor@correo.net;22/12/1993;25;792,2;No aplica;7;3;0;Disponible;
382;María Teresa;Luque;Enríquez;M;marluque;847816;marluque@mail.es;7/03/1946;73;No aplica;NO;46;39;5;Inactivo;
383;Jesús;Porras;Toscano;H;jesus.porras;850038;jesus.porras@mail.es;19/11/1941;77;835,97;No aplica;68;97;2;Disponible;
384;Jesús;Cabello;Alfonso;H;j.cabello;852260;j.cabello@correo.es;19/07/1945;74;797,02;No aplica;43;3;0;Inactivo;
385;�?ngela;�?lvarez;Fernández;M;angalvarez;854482;angalvarez@mail.net;6/02/1942;77;No aplica;NO;8;73;1;Inactivo;
386;José;Duran;Diz;H;jose.duran;856704;jose.duran@email.net;7/01/1973;46;288,18;No aplica;26;62;2;Disponible;
387;Pedro;Suarez;Moran;H;pedrosuarez;858926;pedrosuarez@email.net;10/11/1937;81;122,92;No aplica;22;11;1;Inactivo;
388;Josefa;Vidal;Portillo;M;josefa.vidal;861148;josefa.vidal@mail.net;20/07/1956;63;No aplica;SI;60;50;8;Disponible;
389;Manuela;Díaz;López;M;mandiaz;863370;mandiaz@email.es;4/02/1971;48;No aplica;NO;35;20;1;Disponible;
390;Javier;Madrid;Arroyo;H;jav.madrid;865592;jav.madrid@correo.net;4/01/1966;53;607,96;No aplica;37;85;1;Disponible;
391;José;Martínez;Lorente;H;josemartinez100;867814;josemartinez100@mail.es;9/02/1941;78;192,77;No aplica;65;36;5;Inactivo;
392;Enrique;Merino;Hernández;H;e.merino;870036;e.merino@mail.com;14/01/1937;82;116,04;No aplica;34;55;2;Disponible;
393;Yolanda;Acero;Núñez;M;acero75;872258;acero75@mail.com;7/03/1963;56;No aplica;SI;27;21;3;Disponible;
394;Laura;Pereira;Pascual;M;pereira33;874480;pereira33@email.com;19/02/1965;54;No aplica;NO;92;52;1;Inactivo;
395;Roberto;Benítez;Torres;H;robbenitez40;876702;robbenitez40@mail.net;11/10/1979;40;626,06;No aplica;27;36;2;Inactivo;
396;Salvador;Jordán;Rodríguez;H;saljordan;878924;saljordan@email.es;17/08/1941;78;961;No aplica;22;62;1;Inactivo;
397;Manuela;Rojo;Guillen;M;manuelarojo64;881146;manuelarojo64@mail.com;5/01/1982;37;No aplica;SI;23;100;1;Inactivo;
398;Rocío;Fernández;Rodríguez;M;rociofernandez;883368;rociofernandez@mail.com;27/01/1989;30;No aplica;NO;79;55;9;Disponible;
399;Francisco;Recuero;De las Heras;H;franciscorecuero;885590;franciscorecuero@mail.net;14/09/1939;80;360,95;No aplica;2;63;0;Disponible;
400;�?ngel;Arango;Alsina;H;angel.arango;887812;angel.arango@email.es;17/05/1951;68;543,47;No aplica;3;93;0;Disponible;
401;Francisca;Conde;González;M;fraconde;890034;fraconde@mail.net;9/12/1959;59;No aplica;SI;16;8;0;Disponible;
402;Cristina;Benavente;Montes;M;benavente39;892256;benavente39@correo.net;11/05/1955;64;No aplica;SI;28;80;0;Inactivo;
403;José;López;Ventura;H;lopez26;894478;lopez26@mail.es;3/01/1944;75;725,89;No aplica;23;52;0;Inactivo;
404;Javier;Cortes;Jiménez;H;cortes76;896700;cortes76@correo.com;4/04/1956;63;952,4;No aplica;27;45;2;Disponible;
405;José;Mayo;Hernández;H;may-74;898922;mayo74@mail.com;22/08/1956;63;691,12;No aplica;76;86;9;Disponible;
406;Josefa;Parada;Nieves;M;jparada26;901144;jparada26@correo.net;26/01/1976;43;No aplica;SI;41;60;3;Disponible;
407;Antonio;Baños;Rodríguez;H;antoniobaños36;903366;antoniobaños36@email.es;27/05/1995;24;793,66;No aplica;24;51;4;Inactivo;
408;Jaime;Jiménez;Martin;H;jimenez37;905588;jimenez37@correo.com;7/11/1997;21;312,22;No aplica;18;16;0;Disponible;
409;Pablo;Sánchez;Arrieta;H;psanchez;907810;psanchez@email.com;16/05/1961;58;925,95;No aplica;57;77;6;Inactivo;
410;Dolores;Egea;Macho;M;dolegea22;910032;dolegea22@correo.net;24/01/1950;69;No aplica;SI;79;81;13;Disponible;
411;Salvador;Alonso;Pérez;H;sal.alonso;912254;sal.alonso@email.net;21/06/1998;21;957,85;No aplica;36;96;0;Disponible;
412;María Teresa;García;Martin;M;margarcia;914476;margarcia@correo.com;8/07/1962;57;No aplica;NO;58;10;1;Inactivo;
413;María Carmen;López;Jurado;M;mlopez32;916698;mlopez32@email.com;17/11/1996;22;No aplica;SI;13;3;0;Disponible;
414;Ana María;Ortiz;Sánchez;M;anortiz;918920;anortiz@correo.es;2/11/1992;26;No aplica;NO;19;39;1;Inactivo;
415;Juana;Fernández;Lozano;M;juafernandez52;921142;juafernandez52@mail.com;4/12/1977;41;No aplica;NO;46;85;6;Inactivo;
416;Javier;García;Alcaraz;H;javgarcia92;923364;javgarcia92@email.com;13/04/1969;50;160,08;No aplica;13;9;1;Disponible;
417;Susana;Otero;Riveiro;M;sus.otero;925586;sus.otero@mail.es;2/04/1995;24;No aplica;SI;69;40;5;Inactivo;
418;Aitor;Serrano;Blanco;H;ait.serrano;927808;ait.serrano@mail.es;23/10/1961;58;638,65;No aplica;40;52;2;Disponible;
419;Carlos;Pinedo;Abella;H;cpinedo;930030;cpinedo@mail.net;25/01/1966;53;347,88;No aplica;98;24;3;Inactivo;
420;Marta;García;Ojeda;M;mgarcia6;932252;mgarcia6@mail.com;8/07/1987;32;No aplica;NO;41;62;3;Inactivo;
421;Cristina;Moreno;Santana;M;cmoreno36;934474;cmoreno36@correo.es;30/10/1957;62;No aplica;NO;92;78;1;Inactivo;
422;Francisca;Coll;Blanco;M;fra.coll;936696;fra.coll@mail.es;10/10/1952;67;No aplica;NO;13;23;1;Inactivo;
423;Jorge;Míguez;Bueno;H;jorge.miguez;938918;jorge.miguez@email.es;16/09/1992;27;811,23;No aplica;61;32;4;Disponible;
424;Santiago;Quirós;Vivas;H;squiros;941140;squiros@email.com;6/11/1937;81;617,15;No aplica;10;78;1;Inactivo;
425;Lucia;Gracia;Caballero;M;gracia70;943362;gracia70@email.com;2/07/1980;39;No aplica;NO;59;23;3;Disponible;
426;Alberto;Montoro;Carmona;H;montoro7;945584;montoro7@email.net;13/08/1948;71;693,48;No aplica;25;43;4;Inactivo;
427;Ana;Boix;Mesa;M;ana.boix;947806;ana.boix@email.com;10/10/1981;38;No aplica;NO;17;92;1;Disponible;
428;Cristina;Prado;Catalán;M;prado15;950028;prado15@mail.es;22/04/1955;64;No aplica;NO;25;58;2;Disponible;
429;María Dolores;Martínez;Rodríguez;M;mariadolores.martinez;952250;mariadolores.martinez@email.net;5/10/1961;58;No aplica;SI;20;83;0;Inactivo;
430;Ramón;Fernández;Garmendia;H;rfernandez;954472;rfernandez@mail.com;13/04/1981;38;944,29;No aplica;29;97;3;Inactivo;
431;Jesús;Andrés;Rodríguez;H;jandres;956694;jandres@email.es;22/02/1935;84;580,28;No aplica;58;93;9;Disponible;
432;Yolanda;Sánchez;Núñez;M;yolsanchez;958916;yolsanchez@mail.es;18/11/1986;32;No aplica;SI;57;90;8;Inactivo;
433;Laura;López;Martínez;M;lauralopez;961138;lauralopez@email.com;23/09/1945;74;No aplica;SI;96;34;3;Inactivo;
434;María �?ngeles;Guerrero;Fernández;M;mariaangelesguerrero8;963360;mariaangelesguerrero8@correo.net;29/11/2001;17;No aplica;NO;39;94;5;Inactivo;
435;Ana María;Sanz;Recio;M;anasanz77;965582;anasanz77@correo.es;27/11/1941;77;No aplica;SI;48;21;1;Inactivo;
436;María;Calero;Bernal;M;marcalero;967804;marcalero@mail.es;23/03/1971;48;No aplica;NO;100;32;5;Inactivo;
437;Diego;Rodríguez;Sanz;H;drodriguez;970026;drodriguez@mail.com;18/12/1991;27;253,88;No aplica;86;35;4;Inactivo;
438;Teresa;Luque;Maza;M;tluque;972248;tluque@mail.com;14/06/1940;79;No aplica;SI;59;38;5;Inactivo;
439;Laura;Pereira;Gómez;M;pereira53;974470;pereira53@correo.es;25/11/1980;38;No aplica;NO;40;60;3;Disponible;
440;Antonio;Salvador;Rodríguez;H;salvador97;976692;salvador97@correo.net;20/12/1992;26;79,16;No aplica;81;37;5;Inactivo;
441;Ana;Fernández;Moral;M;anafernandez;978914;anafernandez@email.es;11/12/1980;38;No aplica;NO;70;64;5;Inactivo;
442;Ana;�?lvarez;Campo;M;anaalvarez;981136;anaalvarez@correo.com;14/11/1950;68;No aplica;NO;93;67;10;Disponible;
443;Juana;Navarro;Gutiérrez;M;juanavarro;983358;juanavarro@mail.net;27/04/1986;33;No aplica;NO;80;41;1;Disponible;
444;Josefa;Rodríguez;Fernández;M;josefa.rodriguez;985580;josefa.rodriguez@mail.com;6/04/1971;48;No aplica;NO;12;18;0;Inactivo;
445;Elena;Rodríguez;Fernández;M;elerodriguez;987802;elerodriguez@correo.es;18/01/1981;38;No aplica;NO;20;32;1;Disponible;
446;Antonia;Blanco;Ayuso;M;antonia.blanco;990024;antonia.blanco@mail.com;27/09/1968;51;No aplica;NO;34;23;2;Inactivo;
447;Unai;Jurado;Rivera;H;unai.jurado;992246;unai.jurado@email.com;22/02/1964;55;718,21;No aplica;70;61;1;Disponible;
448;Pablo;Gutiérrez;Camarasa;H;pgutierrez;994468;pgutierrez@correo.es;2/10/1937;82;69,94;No aplica;46;22;1;Inactivo;
449;Luis;Roldan;Martin;H;lroldan95;996690;lroldan95@email.com;1/06/1988;31;363,36;No aplica;70;96;10;Disponible;
450;Juan José;Martin;Fernández;H;juamartin;998912;juamartin@correo.net;13/01/1982;37;260,89;No aplica;22;23;1;Inactivo;
451;José;Albaladejo;Ferrando;H;josalbaladejo;1001134;josalbaladejo@mail.es;28/04/1959;60;384,05;No aplica;84;23;2;Inactivo;
452;Antonio;Arrebola;Bermejo;H;arrebola69;1003356;arrebola69@email.net;31/10/1941;77;929,98;No aplica;19;67;3;Disponible;
453;Alicia;Berlanga;Díaz;M;alicia.berlanga;1005578;alicia.berlanga@correo.com;24/01/1952;67;No aplica;SI;83;98;0;Disponible;
454;Carlos;Ariza;Martínez;H;carlos.ariza;1007800;carlos.ariza@email.es;23/06/1997;22;782,64;No aplica;49;69;2;Inactivo;
455;José;Martínez;Torres;H;josemartinez35;1010022;josemartinez35@email.com;27/12/1970;48;395,32;No aplica;10;61;0;Inactivo;
456;María;Sanz;Ortega;M;mariasanz23;1012244;mariasanz23@mail.com;22/06/1968;51;No aplica;SI;84;30;1;Disponible;
457;Antonia;Diez;Ruiz;M;antoniadiez;1014466;antoniadiez@correo.es;29/08/1957;62;No aplica;NO;60;41;3;Disponible;
458;María Pilar;Pérez;�?lvarez;M;mperez;1016688;mperez@email.com;2/10/1950;69;No aplica;SI;84;92;0;Disponible;
459;Manuel;Olivera;Catalán;H;molivera;1018910;molivera@mail.com;15/10/1945;74;828,71;No aplica;43;79;2;Inactivo;
460;�?ngel;Santana;Pitarch;H;asantana;1021132;asantana@correo.net;6/08/1993;26;720,12;No aplica;53;93;5;Inactivo;
461;Manuel;Saavedra;Ortega;H;manuelsaavedra61;1023354;manuelsaavedra61@mail.net;17/07/1979;40;289,95;No aplica;16;27;0;Inactivo;
462;Miguel;Ivanova;Hurtado;H;ivanova85;1025576;ivanova85@email.com;25/08/1959;60;309,26;No aplica;80;47;7;Disponible;
463;María Dolores;González;Verde;M;gonzalez11;1027798;gonzalez11@mail.es;28/02/1944;75;No aplica;NO;47;89;3;Disponible;
464;Rocío;Del Valle;Ribera;M;r.de;1030020;r.de@mail.net;25/02/1985;34;No aplica;SI;73;99;0;Inactivo;
465;Carlos;Carrasco;Da Silva;H;carloscarrasco;1032242;carloscarrasco@email.net;26/08/1980;39;874,98;No aplica;53;92;1;Inactivo;
466;Juan Carlos;Galindo;Santana;H;juagalindo;1034464;juagalindo@correo.net;13/12/2001;17;717,09;No aplica;35;59;3;Disponible;
467;Ariel;Mendoza;Jolez;H;Ari123;12345;arielcito@hotmail.com;2/Febrero/1904;117;123;No aplica;0;0;0;Disponible;103
468;Miguel ;Gonzalez ;Vargas;H;Alias;Alias1;lomilito@hotmail.com;26/Mes/A�o;26;1000000;No aplica;0;0;0;Disponible;170
